time,x,y,z
0.019637,0.4173,0.4834,-0.4128
0.03925,0.4354,0.3811,-0.5508
0.045654,0.4509,0.4033,-0.6565
0.075293,0.4436,0.4398,-0.6878
0.090249,0.3619,0.3967,-0.2958
0.10144,0.312,0.3962,-0.1443
0.111485,0.3129,0.4357,-0.054
0.119747,0.3128,0.5047,-0.0712
0.126215,0.3053,0.5866,-0.1458
0.138046,0.3076,0.6478,-0.1982
0.1464,0.2988,0.6922,-0.2829
0.156289,0.2357,0.6637,-0.363
0.169905,0.1385,0.6231,-0.3674
0.17642,0.0799,0.5801,-0.3191
0.186671,0.0637,0.5984,-0.2704
0.196308,0.0894,0.6846,-0.2011
0.206339,0.1059,0.7532,-0.1023
0.221032,0.0327,0.7517,-0.0253
0.226409,-0.0397,0.7387,0.0667
0.23747,-0.054,0.6862,0.1882
0.246552,-0.1068,0.5968,0.2907
0.256947,-0.0857,0.5514,0.5098
0.27369,-0.0762,0.473,0.687
0.277416,-0.0775,0.4582,0.8213
0.290357,-0.0379,0.5123,0.8994
0.297826,0.0372,0.6474,0.802
0.307142,0.1042,0.7707,0.5842
0.32237,0.1416,0.7917,0.4108
0.327412,0.1555,0.7573,0.4278
0.337895,0.1711,0.7441,0.5358
0.348433,0.2391,0.7133,0.736
0.358299,0.2516,0.6409,0.9732
0.374581,0.2098,0.4452,1.1039
0.377685,0.2662,0.1305,1.3005
0.387999,0.3222,-0.2803,1.3926
0.405051,0.5839,-0.5321,1.2485
0.408115,0.573,-0.748,1.1437
0.4247,0.2955,-0.8889,1.3032
0.428228,0.0634,-1.0189,1.5536
0.439909,-0.1702,-1.0196,1.6437
0.455622,-0.3797,-0.938,1.615
0.458741,-0.548,-0.7298,1.5332
0.473667,-0.5483,-0.349,1.1834
0.478678,-0.4447,0.0126,0.7037
0.492143,-0.4052,0.2035,0.2344
0.506812,-0.3779,0.1671,-0.182
0.509096,-0.361,-0.0254,-0.6024
0.522046,-0.3967,-0.1752,-0.9358
0.529141,-0.4866,-0.1963,-1.079
0.539439,-0.6025,-0.0955,-1.0822
0.554047,-0.7487,0.0909,-1.1476
0.559235,-0.8529,0.2955,-1.2129
0.573183,-0.8481,0.3815,-1.1722
0.579767,-0.7532,0.3575,-1.0546
0.589612,-0.7414,0.2578,-0.8874
0.607245,-0.8202,0.1508,-0.7288
0.609914,-0.9203,-0.0037,-0.6356
0.624271,-1.0684,-0.1475,-0.5599
0.629633,-1.132,-0.2488,-0.5082
0.639919,-1.1974,-0.2935,-0.4339
0.656699,-1.1428,-0.257,-0.3024
0.660059,-0.9694,-0.1564,-0.1791
0.672584,-0.7126,-0.0713,-0.1102
0.680922,-0.5379,0.0336,-0.0946
0.690456,-0.4885,0.0989,-0.2622
0.706958,-0.4868,0.1627,-0.4658
0.710792,-0.4867,0.3051,-0.6804
0.724958,-0.4717,0.4526,-0.9237
0.730228,-0.4658,0.6088,-1.101
0.740907,-0.4377,0.7364,-1.2219
0.757025,-0.3537,0.7868,-1.2045
0.760803,-0.3139,0.8014,-1.1264
0.77093,-0.1531,0.8499,-1.0935
0.78895,0.12,0.7051,-1.1836
0.790824,0.335,0.5066,-1.179
0.807167,0.1145,0.5812,-1.4868
0.810918,0.0224,0.8068,-1.4968
0.822378,-0.0526,0.8747,-1.2021
0.83889,-0.0245,0.8677,-0.9234
0.841024,-0.0208,0.7777,-0.7741
0.856491,0.0012,0.6783,-0.7593
0.861912,0.007,0.6855,-0.7434
0.885993,-0.0777,0.785,-0.5032
0.898818,-0.1709,0.5418,-0.2
0.90732,-0.1843,0.3432,-0.2352
0.921973,-0.0064,0.1507,-0.4789
0.939554,0.179,0.268,-0.3096
0.94229,0.2182,0.5105,-0.1817
0.957652,0.1003,0.7308,-0.0106
0.96248,0.2315,0.8259,0.2553
0.974723,0.4298,0.7144,0.5888
0.987357,0.3918,0.5582,0.6315
0.992267,0.4196,0.4886,0.7216
1.005205,0.3121,0.5961,0.8045
1.013087,0.357,0.6033,0.9632
1.022936,0.2569,0.6269,0.9965
1.040814,0.1827,0.7047,1.0048
1.043045,0.1359,0.7246,1.0051
1.056959,-0.0533,0.6624,1.0835
1.062985,-0.1148,0.449,1.1457
1.073627,-0.1542,0.2567,1.2478
1.10228,0.2066,-0.0818,1.6397
1.127961,0.6507,-1.6987,2.3652
1.12814,0.5059,-1.8822,2.3864
1.14414,0.4459,-1.8295,2.3227
1.144244,0.3342,-1.5197,2.0558
1.153215,0.2698,-1.1337,1.5986
1.163343,0.3523,-0.9576,1.034
1.173827,0.5067,-0.9493,0.2938
1.187334,0.752,-0.9239,-0.2841
1.194172,0.8701,-0.7456,-0.5884
1.203586,0.7796,-0.6009,-0.7497
1.221011,0.557,-0.5499,-0.8287
1.22486,0.2408,-0.6145,-0.7095
1.236923,-0.0805,-0.7362,-0.5867
1.243726,-0.2664,-0.8493,-0.5075
1.256554,-0.31,-0.8784,-0.5044
1.272794,-0.3509,-0.8553,-0.5462
1.276242,-0.3527,-0.8134,-0.5797
1.290254,-0.3819,-0.7405,-0.5659
1.29423,-0.3896,-0.6567,-0.5273
1.306579,-0.372,-0.5249,-0.5306
1.321687,-0.4613,-0.4038,-0.6554
1.324409,-0.4529,-0.3357,-0.8621
1.338123,-0.4223,-0.2675,-1.0531
1.344594,-0.36,-0.2074,-1.2883
1.355948,-0.2535,-0.1451,-1.4642
1.370442,-0.149,0.0067,-1.6566
1.375373,-0.0312,0.142,-1.8335
1.390057,0.0434,0.1964,-2.048
1.397233,0.0821,0.2187,-2.1997
1.405039,0.1344,0.2312,-2.2351
1.420753,0.1851,0.2739,-2.1747
1.425094,0.1694,0.3598,-1.96
1.438059,0.1006,0.3894,-1.7307
1.44539,0.1354,0.3898,-1.4599
1.455699,0.1879,0.387,-1.1079
1.47185,0.1504,0.3193,-0.7682
1.47554,0.1756,0.2204,-0.4714
1.487917,0.2425,0.1173,-0.1397
1.495555,0.3399,0.0273,0.0918
1.50596,0.4349,0.0025,0.2414
1.519881,0.379,0.0442,0.3341
1.526609,0.1788,0.1113,0.4112
1.53591,-0.1625,0.1794,0.4103
1.546026,-0.4561,0.299,0.3991
1.556266,-0.5536,0.372,0.3704
1.569742,-0.5019,0.4466,0.3576
1.576307,-0.3947,0.3741,0.4448
1.588092,-0.3631,0.2595,0.6706
1.597006,-0.4909,0.1502,0.9531
1.606843,-0.6689,-0.0366,1.2456
1.620154,-0.8871,-0.1955,1.4934
1.626551,-1.1726,-0.2082,1.6027
1.636719,-1.3047,0.0057,1.4178
1.646742,-1.3127,0.4263,0.9115
1.656778,-1.1481,0.7563,0.3073
1.669477,-0.8443,0.778,-0.0652
1.676849,-1.3752,0.7417,-0.1945
1.688381,-1.6113,0.4119,0.6687
1.697481,-1.7511,-0.5137,1.9309
1.707433,-1.6607,-1.3071,3.0148
1.720183,-1.7914,-1.8944,3.6643
1.72771,-1.9674,-2.2081,3.9104
1.73829,-1.911,-2.3589,3.7307
1.756103,-1.724,-2.3361,3.022
1.757866,-1.4607,-2.1057,1.8659
1.770358,-1.3156,-1.6874,0.7201
1.778164,-1.2686,-1.2869,-0.3092
1.787736,-1.1997,-0.8903,-1.145
1.805555,-1.1813,-0.458,-1.5411
1.807895,-1.23,-0.1589,-1.6135
1.820408,-1.2389,-0.0419,-1.4952
1.827881,-1.1382,-0.1219,-1.1978
1.838588,-1.0725,-0.3628,-0.9849
1.853195,-0.9426,-0.4732,-0.8497
1.858394,-0.9408,-0.5891,-0.9012
1.870359,-1.0212,-0.7029,-1.0433
1.878215,-1.2404,-0.7903,-1.2537
1.888547,-1.312,-0.7828,-1.3511
1.903679,-1.2188,-0.8156,-1.1811
1.90881,-1.083,-0.8193,-0.9133
1.922075,-0.9717,-0.7851,-0.6832
1.929248,-0.925,-0.6636,-0.611
1.939001,-0.9194,-0.5041,-0.702
1.954454,-0.9576,-0.3928,-0.9751
1.959519,-0.9699,-0.3693,-1.3107
1.974201,-0.9564,-0.4002,-1.5806
1.979521,-0.9401,-0.3757,-1.8159
1.989359,-0.8202,-0.2994,-1.9238
2.006048,-0.703,-0.2082,-1.9155
2.009529,-0.699,-0.1042,-1.8828
2.022022,-0.7108,0.029,-1.8715
2.029876,-0.7494,0.1453,-1.8813
2.040683,-0.763,0.1985,-1.8617
2.054645,-0.7613,0.2143,-1.7986
2.059595,-0.7127,0.2294,-1.6853
2.079005,-0.6849,0.2876,-1.5142
2.080435,-0.6937,0.3015,-1.1932
2.090292,-0.7089,0.2695,-0.8402
2.102824,-0.7088,0.2142,-0.5078
2.111937,-0.7026,0.1897,-0.2445
2.12092,-0.6933,0.1871,0.057
2.130447,-0.714,0.1789,0.3336
2.142112,-0.7341,0.2126,0.5388
2.152115,-0.7263,0.2773,0.7244
2.160336,-0.6914,0.326,0.8929
2.170691,-0.596,0.3927,1.0058
2.181096,-0.5456,0.4417,1.0239
2.19082,-0.4748,0.4586,1.1002
2.203569,-0.4099,0.3999,1.1806
2.211017,-0.3351,0.273,1.3529
2.221142,-0.1825,0.0599,1.6121
2.237936,-0.0467,-0.1476,1.878
2.24208,0.0943,-0.1992,2.0098
2.254972,0.2525,0.0645,1.7817
2.262563,0.3217,0.2819,1.2613
2.27116,0.3014,0.2098,0.8236
2.290058,0.3644,0.137,0.7972
2.291587,0.47,0.2413,0.9884
2.302643,0.6015,0.2144,1.2888
2.311755,0.6808,-0.1011,1.8058
2.322749,0.6942,-0.4807,2.3788
2.339544,1.0326,-0.5244,2.2269
2.342447,0.4607,-0.6143,2.1764
2.355921,-0.0218,-0.7134,1.7399
2.362754,-0.1412,-0.8825,1.2708
2.372264,0.1221,-1.092,0.8673
2.386352,0.7017,-1.2414,0.4618
2.392675,1.1084,-1.3103,0.4727
2.408297,1.0959,-1.0049,0.3491
2.41304,0.9251,-1.0313,0.2564
2.432124,0.7264,-1.2016,0.1898
2.433606,0.3554,-1.4096,0.0347
2.443236,0.3502,-1.8782,0.1304
2.454261,0.3113,-2.11,0.0051
2.462469,-0.1039,-1.8287,0.0832
2.472588,-0.5882,-1.2788,0.4012
2.489553,-0.7729,-0.7537,0.5992
2.493092,-0.584,-0.4743,0.7178
2.506408,-0.1259,-0.2952,0.8313
2.514586,0.2693,-0.1054,1.0746
2.525164,0.5375,0.1559,1.3113
2.539414,0.826,0.3263,0.7606
2.543085,0.9234,0.4951,0.1551
2.554373,0.7724,0.4427,-0.2245
2.563429,0.365,0.4522,-0.7756
2.573216,-0.2308,0.5222,-1.512
2.587702,-0.5449,0.3638,-2.1452
2.593842,-0.6013,0.3815,-2.6161
2.603513,0.4458,0.2544,-3.3979
2.613915,4.6791,0.538,-3.8374
2.624239,0.5202,1.2982,-3.0957
2.63874,-0.9674,1.0126,-2.2176
2.644114,-1.0634,0.5447,-0.6694
2.664926,-0.8797,0.4326,-0.3417
2.674088,-2.7531,1.402,0.0295
2.687783,-2.7146,1.531,0.8696
2.69463,-1.8388,1.1928,1.1158
2.706445,-0.8008,0.6761,1.1436
2.720754,0.1272,0.9239,-0.1789
2.724465,-0.0067,1.3818,-0.7967
2.736965,-1.2329,2.0485,-0.2474
2.744995,-1.9436,2.2184,0.6195
2.754586,-2.2072,1.9589,1.1388
2.771756,-1.7649,1.5765,1.3167
2.774884,-1.5024,1.4142,1.2192
2.787649,-1.4505,1.4312,1.3385
2.795101,-1.8581,1.5767,1.7878
2.804957,-2.3282,1.3352,3.0535
2.821737,-2.2763,0.6393,4.1511
2.825319,-2.0255,0.1765,4.3334
2.837329,-1.524,0.3553,3.8323
2.845161,-0.8646,0.5863,3.1633
2.855317,-0.4948,0.9313,2.7858
2.869693,-0.2509,1.3489,3.0005
2.875566,-0.1816,1.2078,3.4126
2.886666,-0.4978,0.2382,4.9362
2.895717,-0.4576,-0.8421,4.6125
2.905998,-0.5394,-1.6022,5.1609
2.919468,-0.8752,-2.0282,6.1877
2.925979,-0.7437,-2.5165,6.8046
2.936292,-0.7574,-2.9664,6.4185
2.946081,-0.8692,-3.0711,5.4498
2.956034,-0.6123,-2.895,4.085
2.97762,-0.1636,-2.622,2.6278
2.977758,0.2515,-2.1425,1.3494
2.987471,0.6315,-1.9966,0.4917
2.996414,1.1046,-1.9435,-0.4801
3.006754,1.3172,-2.0001,-1.0742
3.021242,1.1627,-2.2426,-0.8498
3.026649,1.2458,-2.4109,-0.4784
3.037304,1.423,-2.6008,-0.3011
3.056229,1.3489,-2.644,-0.282
3.056822,0.9533,-2.6933,-0.247
3.070462,0.9139,-2.8092,-0.4575
3.07708,0.9077,-2.5691,-0.7298
3.087223,0.6335,-1.9563,-1.095
3.103572,0.482,-1.4818,-1.4861
3.107052,0.7922,-1.5361,-1.8745
3.117886,1.4127,-1.974,-2.1936
3.127232,1.519,-2.6718,-1.9281
3.137877,1.5852,-3.1605,-1.7265
3.153212,1.4281,-3.2843,-1.7682
3.157533,0.8224,-3.2684,-2.0179
3.169607,0.3712,-2.8443,-2.5373
3.177713,0.0967,-2.3025,-3.058
3.187789,0.0948,-1.952,-3.6769
3.203193,0.0539,-1.7072,-4.2102
3.208104,-0.0318,-1.503,-4.396
3.219585,-0.1404,-1.4357,-4.1952
3.228043,-0.3663,-1.317,-3.9956
3.238051,-0.4516,-1.0791,-3.7876
3.253328,-0.4117,-0.8613,-3.7676
3.258157,-0.3024,-0.7654,-3.8323
3.272994,-0.3572,-0.7921,-3.8024
3.278952,-0.4875,-0.8729,-3.8452
3.289773,-0.4555,-0.6741,-3.9072
3.305193,-0.381,-0.6052,-4.0226
3.308598,-0.3981,-0.8646,-4.3025
3.320978,-0.601,-0.9393,-4.3989
3.329486,-0.8212,-0.8388,-4.1323
3.339634,-0.9678,-0.7906,-3.7035
3.363074,-0.8376,-0.9513,-3.4411
3.363298,-0.3867,-1.0968,-3.2133
3.374026,0.189,-1.2698,-2.6424
3.379359,0.5571,-1.0613,-1.7839
3.389293,0.8174,-0.8998,-1.4122
3.404122,1.0094,-0.7794,-1.8592
3.410402,1.1742,-0.5572,-2.0011
3.420919,1.2088,-0.2723,-1.6221
3.430716,0.9856,0.2715,-1.3532
3.439522,0.8708,0.5061,-1.0776
3.454486,0.8263,0.2278,-0.0771
3.461458,0.1483,-1.8786,0.9446
3.470055,0.9189,-0.7216,1.4611
3.479871,1.0113,0.9497,1.492
3.489966,-0.0555,0.734,1.0192
3.50291,-1.0828,0.0034,1.3766
3.510407,-1.7226,-0.3538,1.9443
3.522592,-1.1294,0.1661,2.2642
3.531019,-0.8807,-0.0133,2.296
3.540445,-0.6585,-0.3436,1.7498
3.555448,-0.9742,-0.3892,1.5429
3.560689,-1.9245,-0.0201,2.2598
3.58665,-3.9493,1.1271,2.4702
3.612082,-2.5591,0.1538,1.5773
3.612236,-2.6486,-1.6433,0.1095
3.626778,-3.8728,-2.8772,0.143
3.63838,-4.9419,-4.2338,0.8078
3.641037,-2.964,-6.5218,0.3266
3.653807,-0.8366,-7.9015,0.4045
3.661869,5.185,-7.2986,-3.7621
3.67153,7.6369,-6.4903,-6.4812
3.688055,4.6224,-5.998,-2.7714
3.691825,6.8076,-4.3313,0.3563
3.706306,9.3826,5.9568,2.1882
3.711722,2.6406,21.9072,1.3467
3.722071,-2.0202,23.7789,-1.951
3.738042,-1.9517,15.7462,-4.903
3.741994,-1.2255,7.0422,-5.0855
3.754335,-0.9078,1.1693,-3.4943
3.763438,-0.53,-2.0606,-1.4788
3.772019,-0.2624,-3.7152,0.0671
3.788588,-0.0379,-4.4891,0.9265
3.792401,0.2005,-4.7195,1.3982
3.806918,0.5071,-4.582,1.4508
3.812322,0.8663,-4.0368,1.1566
3.822465,1.1826,-3.1144,0.6682
3.838519,1.2484,-2.2742,0.3928
3.84244,1.0816,-1.7072,-0.0019
3.855307,0.6374,-1.6022,-0.5303
3.863151,0.0617,-1.4593,-0.9694
3.873117,-0.4923,-1.2984,-1.4401
3.889859,-1.2368,-0.5253,-1.8856
3.893316,-1.8359,0.0189,-2.2517
3.904499,-1.2624,0.9481,-2.5887
3.913813,-0.5857,1.049,-2.8889
3.923612,-0.1848,0.6998,-3.1022
3.938222,-0.1147,0.4446,-2.3669
3.943627,-0.3487,0.3888,-1.5304
3.955589,-0.55,0.4685,-0.4751
3.974029,-0.5526,0.4798,0.3753
3.97426,-0.3114,0.4815,0.8613
3.989934,0.1532,0.5845,1.2054
3.993791,0.6572,0.7013,1.5049
4.003542,1.1921,0.8305,1.6728
4.020392,1.7961,1.0292,1.6807
4.0243,2.3819,1.1537,1.508
4.03757,2.9184,1.2963,1.2394
4.044846,3.3185,1.4563,0.8384
4.054929,3.4723,1.4777,0.4103
4.07099,3.1861,1.5549,0.0191
4.074548,2.4495,2.146,-0.1335
4.088205,1.7389,3.3571,-0.0022
4.094637,1.1829,4.8606,0.2145
4.105688,0.6307,6.081,0.2426
4.115212,0.1831,6.3274,0.092
4.141583,-0.0687,5.2176,-0.2097
4.15201,-0.4422,1.3428,-0.3066
4.161627,-0.8233,-0.3096,-0.2036
4.172388,-1.1471,-1.6515,0.0033
4.18783,-1.6086,-3.2783,0.632
4.195212,-1.8941,-3.4553,1.0206
4.205084,-2.1926,-3.2113,1.4237
4.219736,-2.4924,-2.5256,1.7955
4.225636,-2.7348,-1.6733,2.0668
4.235979,-2.7572,-0.8454,2.0863
4.245782,-2.7859,-0.2259,2.0654
4.25573,-2.7523,0.1313,1.9361
4.27464,-2.6332,0.0808,1.6787
4.2759,-2.3505,-0.2176,1.3456
4.288131,-1.8847,-0.461,0.8993
4.296384,-1.4035,-0.7627,0.3823
4.305895,-0.9624,-1.0894,-0.0988
4.3199,-0.5817,-1.3909,-0.5303
4.326797,-0.34,-1.5972,-0.8932
4.337779,-0.1702,-1.6634,-1.203
4.34697,-0.0266,-1.5871,-1.4964
4.356277,0.0896,-1.4343,-1.7332
4.37119,0.1552,-1.1567,-1.9644
4.376481,0.161,-0.8643,-2.2746
4.387064,0.2059,-0.7602,-2.3369
4.397061,0.2906,-0.8883,-2.1574
4.406712,0.3983,-1.1782,-1.7571
4.421907,0.4776,-1.4931,-1.2604
4.426904,0.5096,-1.7533,-0.8347
4.438403,0.5019,-1.9108,-0.5288
4.447517,0.4352,-1.9967,-0.3319
4.45708,0.3466,-1.9799,-0.3374
4.470665,0.2606,-1.7473,-0.4613
4.477361,0.1307,-1.3583,-0.6725
4.487489,-0.0382,-0.9036,-0.901
4.497754,-0.2445,-0.4721,-1.1254
4.507386,-0.4736,-0.0661,-1.3586
4.521189,-0.6547,0.2425,-1.5725
4.52774,-0.7943,0.4784,-1.8226
4.537957,-0.8838,0.6302,-1.9642
4.553629,-0.9037,0.6835,-1.9688
4.557927,-0.8459,0.5832,-1.8265
4.570674,-0.6908,0.4789,-1.5651
4.577893,-0.4919,0.4853,-1.2133
4.588189,-0.3804,0.645,-0.8741
4.60512,-0.3349,0.9073,-0.5773
4.60825,-0.3325,1.2891,-0.3405
4.622743,-0.3664,1.7004,-0.1823
4.628277,-0.4386,2.0425,-0.1345
4.638679,-0.5396,2.2181,-0.2497
4.654967,-0.5986,2.1473,-0.5482
4.658419,-0.5963,1.9936,-0.9052
4.670071,-0.6193,1.9442,-1.1319
4.678697,-0.4469,2.3753,-1.0065
4.688868,0.0042,2.9065,-0.6033
4.704781,0.1661,3.1049,-0.1311
4.708915,0.2358,2.9677,0.3454
4.721576,0.3123,2.7197,0.8424
4.729544,0.4263,2.4017,1.3086
4.739121,0.5605,1.9462,1.6781
4.754193,0.6835,1.134,1.8915
4.759078,0.7222,0.0603,1.9196
4.769663,0.7679,-0.8915,1.8711
4.779833,0.8165,-1.4931,1.79
4.789929,0.9273,-1.8289,1.8726
4.80612,1.0572,-1.8646,1.8534
4.809716,1.2299,-1.6694,1.9633
4.833227,1.4136,-1.2403,2.0397
4.856181,1.6813,0.4458,1.9977
4.859982,1.6434,0.781,1.8106
4.870364,1.4686,0.7985,1.4673
4.880312,1.2152,0.5004,1.0106
4.890262,0.9285,0.0986,0.5921
4.904489,0.68,-0.2919,0.2627
4.910421,0.5054,-0.6264,0.0342
4.922724,0.2998,-0.9834,-0.1345
4.930784,0.1033,-1.2987,-0.3626
4.94055,-0.1507,-1.5591,-0.574
4.953318,-0.332,-1.7772,-0.8285
4.961449,-0.4781,-1.9358,-1.107
4.970947,-0.5564,-1.9796,-1.3515
4.987729,-0.5153,-1.9917,-1.5752
4.991161,-0.3695,-2.0283,-1.6367
5.004054,-0.1615,-2.1011,-1.5404
5.011539,-0.0584,-2.0143,-1.2662
5.021376,-0.0468,-1.7386,-0.9253
5.037704,0.0131,-1.4336,-0.5932
5.04196,0.1591,-1.2385,-0.1878
5.054493,0.3996,-1.1271,0.1684
5.06137,0.7102,-1.0475,0.4243
5.071495,1.0091,-1.0267,0.5075
5.086827,1.2428,-1.0443,0.4395
5.091893,1.3863,-1.0502,0.1795
5.10361,1.4277,-1.045,-0.1363
5.112025,1.3437,-1.0566,-0.4411
5.123392,1.2209,-1.0556,-0.7405
5.136907,1.0956,-1.0102,-1.002
5.141782,0.9572,-0.8749,-1.1976
5.153479,0.8924,-0.5741,-1.2786
5.161896,0.8462,-0.2,-1.2081
5.176673,0.8065,0.2431,-1.0512
5.189626,0.7532,0.6696,-0.8867
5.1923,0.6891,1.0384,-0.7081
5.203884,0.659,1.2837,-0.5719
5.212555,0.6685,1.3763,-0.4687
5.230907,0.7057,1.3786,-0.3817
5.232902,0.7686,1.4899,-0.309
5.242818,0.8302,1.76,-0.2541
5.257506,0.8658,2.2567,-0.126
5.263566,0.8812,3.1479,0.0405
5.272717,0.8346,4.4842,0.242
5.285975,0.6614,5.9415,0.4383
5.293302,0.5388,6.9781,0.4421
5.303323,0.4248,6.566,0.2748
5.313339,0.2907,4.6838,0.1321
5.323034,-0.0048,2.6895,0.1116
5.337477,-0.3819,1.0785,0.2336
5.34374,-0.804,-0.2272,0.3983
5.354911,-1.1458,-1.305,0.5551
5.371928,-1.3718,-2.1421,0.7399
5.373596,-1.6266,-2.7205,0.9627
5.387971,-1.9114,-3.0672,1.206
5.397475,-2.2681,-3.1608,1.5004
5.413452,-2.6569,-3.0885,1.8059
5.424048,-3.5127,-2.458,2.2071
5.437794,-3.8337,-1.9387,2.2163
5.444216,-3.8493,-1.4037,2.0297
5.454288,-3.7662,-0.864,1.84
5.464979,-3.3984,-0.3623,1.5521
5.476527,-2.7784,0.0766,1.2179
5.489557,-2.1371,0.4268,0.8944
5.495214,-1.5691,0.5402,0.5502
5.505989,-1.0001,0.3418,0.1589
5.520232,-0.3658,-0.1193,-0.4632
5.524918,0.0207,-0.6722,-0.9019
5.536993,0.0799,-1.1666,-1.2596
5.545489,-0.0823,-1.4745,-1.4161
5.555448,-0.2605,-1.5055,-1.5581
5.570894,-0.4731,-1.3206,-1.6595
5.575291,-0.7289,-0.8738,-1.852
5.587039,-0.9219,-0.4178,-2.1825
5.596112,-0.8912,-0.2192,-2.3473
5.605739,-0.5636,-0.4262,-2.2509
5.620699,-0.0786,-0.8289,-1.8973
5.625651,0.3968,-1.2291,-1.4955
5.636768,0.7125,-1.5457,-1.0885
5.646459,0.9392,-1.7293,-0.8792
5.65555,1.0141,-1.779,-0.7442
5.670073,0.9879,-1.7228,-0.6911
5.675633,0.8714,-1.4903,-0.7034
5.687252,0.6519,-1.2111,-0.7656
5.696692,0.2851,-0.9114,-0.892
5.705762,-0.0571,-0.6423,-1.0783
5.719963,-0.2367,-0.4043,-1.3513
5.726262,-0.2808,-0.1995,-1.6427
5.736443,-0.2491,-0.0413,-2.0211
5.746164,-0.2153,0.0463,-2.3132
5.756153,-0.2106,0.1018,-2.4573
5.770301,-0.2599,0.1228,-2.2704
5.776495,-0.2853,0.1812,-1.8671
5.788586,-0.282,0.2512,-1.3068
5.7964,-0.1942,0.3005,-0.7749
5.806429,-0.0367,0.3079,-0.3666
5.822056,0.084,0.4632,-0.0335
5.826735,0.1773,0.8175,0.1871
5.838033,0.2253,1.2831,0.2353
5.84698,0.2467,1.5569,0.14
5.856866,0.3011,1.6102,-0.1529
5.870503,0.3145,1.5647,-0.5418
5.877118,0.3156,1.7009,-0.8578
5.887034,0.3056,2.303,-0.8107
5.903029,0.2249,3.1413,-0.5184
5.907159,0.1968,3.6723,-0.2643
5.920129,0.2677,3.6837,-0.0459
5.927869,0.5409,3.4083,0.2563
5.938091,0.7277,2.9522,0.6399
5.953581,0.8532,2.338,1.1076
5.957985,0.821,1.4668,1.556
5.970805,0.6828,0.3767,1.8671
5.978092,0.4845,-0.6412,1.979
5.987957,0.3245,-1.3135,2.0527
6.004076,0.2366,-1.6909,2.11
6.008439,0.1366,-1.88,2.1355
6.019867,0.1066,-1.8739,2.1539
6.028914,0.1589,-1.6484,2.2484
6.038672,0.2921,-1.2088,2.2794
6.053494,0.4375,-0.6641,2.1867
6.059033,0.6166,-0.1718,2.0634
6.07166,0.7669,0.1665,1.7857
6.079133,0.8592,0.2631,1.3947
6.089133,0.8466,0.134,0.9284
6.103717,0.6635,-0.1168,0.4226
6.109196,0.425,-0.3524,0.0501
6.120551,0.1654,-0.5582,-0.2208
6.130689,-0.109,-0.7738,-0.4421
6.139429,-0.4031,-0.984,-0.7389
6.154342,-0.7201,-1.1948,-0.9879
6.165024,-0.9614,-1.3701,-1.3054
6.174379,-1.1546,-1.4801,-1.492
6.17954,-1.3459,-1.4243,-1.4336
6.195278,-1.4477,-1.2079,-1.2436
6.199547,-1.4632,-0.9805,-0.8844
6.209405,-1.2162,-0.7933,-0.51
6.219628,-0.908,-0.7338,-0.1403
6.229777,-0.4797,-0.8302,0.2156
6.239945,-0.0066,-0.9575,0.4279
6.253472,0.4865,-1.1664,0.4525
6.260088,0.9023,-1.3751,0.3209
6.27049,1.2016,-1.4839,0.173
6.28076,1.3547,-1.4424,0.0702
6.290492,1.3837,-1.2617,-0.0767
6.303143,1.3046,-1.0136,-0.1945
6.310594,1.1015,-0.8183,-0.3575
6.320621,0.8964,-0.717,-0.4964
6.330549,0.6985,-0.7429,-0.7173
6.340979,0.5506,-0.8761,-0.9144
6.353617,0.499,-1.0079,-1.1322
6.360915,0.4598,-1.0343,-1.2775
6.370686,0.4506,-0.8361,-1.307
6.387479,0.4502,-0.4746,-1.2361
6.391192,0.415,0.0043,-1.0246
6.403926,0.4313,0.553,-0.8379
6.411436,0.3967,1.1144,-0.6183
6.421952,0.4383,1.6426,-0.439
6.436614,0.4841,2.0645,-0.2729
6.441823,0.6029,2.2342,-0.1422
6.453104,0.7017,2.1266,-0.1009
6.462827,0.7328,1.8244,-0.1474
6.471705,0.6293,1.5753,-0.2257
6.487713,0.4028,1.7469,-0.1562
6.491707,0.1727,2.5324,0.0621
6.503741,0.0655,3.6374,0.2835
6.512199,0.0042,4.7335,0.3736
6.522523,0.0118,5.2377,0.3312
6.537158,0.0678,4.7992,0.201
6.543651,0.1223,3.4785,0.1269
6.553818,-0.1,2.124,0.1274
6.563181,-0.4573,0.8804,0.2013
6.572328,-0.7802,-0.1852,0.3035
6.588582,-1.0962,-1.0477,0.4201
6.592195,-1.385,-1.7467,0.5591
6.603187,-1.597,-2.2673,0.6801
6.612842,-1.8197,-2.5779,0.8403
6.62294,-2.0716,-2.6127,1.0358
6.636475,-2.4009,-2.4393,1.2434
6.642935,-2.7347,-2.0468,1.4288
6.653075,-3.0673,-1.4611,1.5553
6.663169,-3.2578,-0.8033,1.5579
6.672915,-3.4091,-0.1473,1.525
6.687432,-3.4692,0.4748,1.3837
6.693164,-3.3482,0.8497,1.1594
6.703708,-2.9819,0.866,0.8508
6.71364,-2.4147,0.5808,0.4723
6.723641,-1.8411,0.1648,0.0951
6.737461,-1.3939,-0.2661,-0.1927
6.744192,-1.1215,-0.6177,-0.402
6.754042,-0.9534,-0.8533,-0.5042
6.764192,-0.8977,-0.8909,-0.5984
6.773731,-0.8582,-0.8661,-0.6709
6.787493,-0.7897,-0.8415,-0.7679
6.794048,-0.6445,-0.932,-0.8305
6.804239,-0.4528,-1.0808,-0.9229
6.814357,-0.2391,-1.2917,-0.9206
6.825712,-0.0499,-1.4714,-0.8858
6.838582,0.0878,-1.6131,-0.8289
6.84503,0.1982,-1.6781,-0.7938
6.854662,0.3147,-1.621,-0.7894
6.869864,0.407,-1.491,-0.8564
6.874571,0.5013,-1.2852,-0.9902
6.886181,0.5259,-1.0052,-1.1922
6.895293,0.4892,-0.7199,-1.4507
6.905165,0.3595,-0.4722,-1.683
6.920525,-0.0018,-0.3292,-1.8053
6.9251,-0.342,-0.3199,-1.7829
6.936944,-0.559,-0.4447,-1.6652
6.945527,-0.7058,-0.6447,-1.5046
6.955024,-0.8737,-0.8697,-1.3225
6.970768,-1.0418,-1.0636,-1.1551
6.975175,-1.1895,-1.1775,-1.0114
6.986772,-1.3445,-1.1776,-0.8814
6.995805,-1.4678,-1.0749,-0.7514
7.005822,-1.5264,-0.8595,-0.6274
7.020068,-1.3853,-0.5549,-0.5399
7.025693,-1.1325,-0.2278,-0.4736
7.036198,-0.9249,0.1417,-0.4288
7.046659,-0.8264,0.5524,-0.4493
7.055661,-0.7111,0.9491,-0.5202
7.070239,-0.6005,1.2629,-0.6751
7.076195,-0.5271,1.5208,-0.8727
7.086674,-0.476,1.7624,-1.103
7.096722,-0.5787,1.9344,-1.2939
7.106178,-0.7464,2.0412,-1.4451
7.120607,-0.7836,2.0192,-1.5243
7.12664,-0.5985,1.8817,-1.4652
7.13683,-0.2939,1.902,-1.1311
7.146236,-0.114,2.0557,-0.6277
7.15617,-0.0526,2.046,-0.0964
7.170378,0.0259,1.8028,0.3417
7.176381,0.1953,1.5327,0.6749
7.189251,0.3299,1.3018,0.9816
7.196496,0.4225,1.0539,1.2428
7.206748,0.4679,0.7338,1.4199
7.226485,0.4073,0.2945,1.4956
7.238249,0.2809,-0.602,1.3054
7.248223,0.1898,-1.0524,1.1287
7.257897,0.0745,-1.4301,0.9472
7.270019,-0.0921,-1.6645,0.7861
7.277566,-0.2329,-1.7018,0.6883
7.28741,-0.3599,-1.5559,0.7034
7.297897,-0.4211,-1.2521,0.7813
7.308231,-0.397,-0.7942,0.8638
7.320196,-0.3766,-0.1544,0.9772
7.32795,-0.3444,0.4919,1.0547
7.337788,-0.3059,0.9767,1.1222
7.353652,-0.2593,1.2851,1.1519
7.358008,-0.1996,1.3779,1.1313
7.371306,-0.2236,1.2395,1.0841
7.378613,-0.331,0.9346,1.0151
7.387914,-0.4825,0.5254,0.9281
7.403725,-0.6088,0.0556,0.7827
7.408324,-0.7667,-0.3963,0.6795
7.419535,-0.9038,-0.7351,0.5592
7.428704,-1.0304,-0.9006,0.435
7.438554,-1.1692,-0.9157,0.3113
7.452718,-1.273,-0.7906,0.1762
7.458558,-1.3338,-0.6101,0.0154
7.469929,-1.2754,-0.4532,-0.1595
7.479066,-1.0985,-0.3712,-0.3447
7.488799,-0.7592,-0.4202,-0.5052
7.50472,-0.3099,-0.5565,-0.5932
7.509009,0.1563,-0.741,-0.6019
7.521011,0.5545,-0.8857,-0.4899
7.529775,0.8293,-0.9836,-0.4028
7.539634,0.9372,-1.0007,-0.3012
7.554274,0.9482,-0.8605,-0.1884
7.55935,0.8493,-0.5945,-0.104
7.570251,0.7467,-0.3409,-0.0708
7.57994,0.611,-0.1953,-0.0485
7.589619,0.4968,-0.2407,-0.109
7.603636,0.4019,-0.4556,-0.2464
7.60983,0.307,-0.6519,-0.3627
7.619952,0.212,-0.7864,-0.3859
7.636096,0.1686,-0.7629,-0.356
7.640197,0.2086,-0.6374,-0.29
7.652482,0.3472,-0.4774,-0.1947
7.66053,0.576,-0.183,-0.1321
7.670522,0.7897,0.3151,-0.0715
7.680843,0.9702,0.9449,-0.0225
7.69019,1.1126,1.5324,-0.0373
7.706374,1.191,1.8142,-0.1152
7.710321,1.0836,1.888,-0.349
7.723216,0.802,1.9397,-0.5195
7.731142,0.4915,2.0451,-0.608
7.740988,0.0637,1.9766,-0.6482
7.753078,-0.224,1.5425,-0.5953
7.761522,-0.446,0.9516,-0.4754
7.771178,-0.5873,0.3869,-0.2952
7.786792,-0.6328,-0.1173,-0.087
7.791022,-0.7458,-0.493,0.1658
7.803471,-0.8376,-0.6966,0.4058
7.811501,-0.9908,-0.5768,0.7103
7.821536,-1.1105,-0.0812,0.9719
7.836613,-1.2793,0.6568,1.1886
7.841426,-1.4244,1.3608,1.2797
7.852572,-1.5391,1.793,1.2825
7.862283,-1.5804,1.788,1.1667
7.871623,-1.5641,1.3428,0.9754
7.886825,-1.5187,0.642,0.7149
7.891782,-1.5963,-0.0277,0.5098
7.904164,-1.7218,-0.532,0.3147
7.91194,-1.9145,-0.9645,0.1323
7.922445,-2.0758,-1.3129,-0.036
7.93731,-2.2013,-1.6065,-0.1973
7.942342,-2.2896,-1.805,-0.2953
7.952679,-2.3026,-1.9361,-0.3247
7.96298,-2.322,-1.9739,-0.2774
7.972299,-2.3204,-1.9083,-0.1916
7.987318,-2.3165,-1.6597,0.0661
7.992689,-2.3037,-1.2922,0.4108
8.017137,-2.2051,-0.8839,0.7756
8.017304,-2.0039,-0.5077,1.114
8.02267,-1.7226,-0.227,1.3741
8.044523,-1.3251,-0.0213,1.5167
8.044625,-0.8636,0.086,1.4829
8.055998,-0.3896,0.1095,1.2261
8.066544,0.0016,0.1115,0.8089
8.093825,0.2273,0.0676,0.3114
8.107494,0.1199,0.0606,-0.8033
8.122838,-0.0167,0.0434,-1.0716
8.136678,-0.4821,-0.187,-1.4533
8.143221,-0.7552,-0.376,-1.5361
8.154257,-0.9791,-0.4927,-1.5983
8.171277,-1.2123,-0.4782,-1.5248
8.173819,-1.4734,-0.3894,-1.4105
8.193716,-1.7011,-0.3201,-1.221
8.193858,-1.8538,-0.2938,-0.9722
8.207001,-1.8902,-0.3656,-0.7353
8.22023,-1.8854,-0.46,-0.4958
8.223906,-1.7837,-0.5603,-0.2204
8.237967,-1.5305,-0.567,-0.0177
8.243987,-1.1598,-0.4871,0.1075
8.255089,-0.9069,-0.3905,0.1611
8.270218,-0.7504,-0.3194,0.1134
8.274628,-0.6359,-0.2693,-0.001
8.289755,-0.5985,-0.1245,-0.17
8.294851,-0.655,0.0901,-0.3053
8.304705,-0.8489,0.2956,-0.3433
8.322132,-1.0968,0.517,-0.3546
8.32456,-1.309,0.6496,-0.3332
8.336784,-1.4941,0.6844,-0.2615
8.345448,-1.6044,0.6469,-0.2212
8.354811,-1.646,0.5633,-0.1372
8.370067,-1.6569,0.4287,0.005
8.374938,-1.6318,0.2856,0.2441
8.387025,-1.5858,0.2464,0.4201
8.395175,-1.5145,0.3136,0.6929
8.405176,-1.1985,0.6487,0.9721
8.419191,-0.8509,1.1115,1.2609
8.4256,-0.7413,1.6462,1.6371
8.43592,-0.5401,1.9321,1.9435
8.44627,-0.1701,1.8427,2.1504
8.455879,0.224,1.4156,2.2414
8.469644,0.6563,0.7094,2.175
8.476403,1.0027,-0.1791,2.0664
8.487642,1.2646,-1.0496,1.9742
8.496873,1.4744,-1.7463,1.9266
8.506298,1.6457,-2.2749,1.8093
8.520798,1.7547,-2.6917,1.7703
8.526256,2.0277,-2.9151,1.7198
8.536647,2.2379,-2.9844,1.7006
8.546976,2.5046,-2.823,1.6642
8.556527,2.8058,-2.3569,1.66
8.570157,2.9623,-1.7077,1.6116
8.576693,2.9518,-0.7771,1.4628
8.586851,2.6952,-0.0148,1.3698
8.597336,2.2329,0.4967,1.2718
8.607115,1.661,0.7894,1.1212
8.620442,1.118,0.9319,0.9599
8.627709,0.6448,1.1295,0.7748
8.63753,0.2706,1.3215,0.6268
8.653442,-0.0448,1.4029,0.4637
8.657597,-0.2953,1.2758,0.2937
8.670367,-0.4627,0.9212,0.1551
8.677603,-0.587,0.4256,0.1397
8.68738,-0.6859,-0.0845,0.1743
8.703724,-0.7695,-0.492,0.2925
8.707613,-0.8803,-0.7125,0.4832
8.720384,-0.9208,-0.8391,0.7658
8.727616,-0.703,-0.9444,1.0583
8.738024,-0.3554,-1.0934,1.2285
8.753453,0.0927,-1.2638,1.3236
8.757976,0.5225,-1.43,1.2857
8.769578,0.9686,-1.561,1.0484
8.778425,1.2334,-1.5845,0.7503
8.788185,1.3769,-1.4675,0.4619
8.804052,1.4245,-1.2468,0.1516
8.820048,1.3835,-0.6107,-0.4876
8.828785,1.3752,-0.2427,-0.839
8.838531,1.4101,0.0397,-1.2365
8.852801,1.475,0.1047,-1.6377
8.859137,1.5343,0.0611,-1.8827
8.869986,1.5779,-0.0439,-1.8837
8.879463,1.425,-0.151,-1.6767
8.888875,1.1802,-0.2476,-1.4257
8.904414,0.983,-0.3153,-1.0383
8.908911,0.9187,-0.4091,-0.6751
8.922109,0.9792,-0.5113,-0.3807
8.928898,1.0434,-0.5697,-0.1466
8.938939,1.0691,-0.5876,-0.0185
8.952947,1.0066,-0.5381,0.0079
8.959736,0.8747,-0.3677,-0.0468
8.969976,0.6977,-0.2034,-0.1938
8.980211,0.5154,-0.0767,-0.3963
8.98974,0.3864,0.0397,-0.5373
9.004916,0.2947,0.1957,-0.5547
9.009958,0.2569,0.4197,-0.5011
9.021226,0.2886,0.714,-0.368
9.030741,0.3479,1.0307,-0.208
9.04015,0.4276,1.3079,-0.0422
9.053351,0.509,1.5285,0.0698
9.060654,0.5843,1.7576,0.1484
9.07082,0.5475,1.9954,0.2415
9.087058,0.4084,2.2602,0.3504
9.090705,0.1886,2.8306,0.4893
9.104357,0.014,3.7951,0.728
9.110843,-0.2686,4.8352,0.975
9.121703,-0.3687,5.7676,0.9559
9.131201,-0.3342,5.553,0.7396
9.141193,-0.2187,4.4695,0.4172
9.157318,-0.2987,3.0567,0.2911
9.162688,-0.6899,1.6277,0.3935
9.18585,-1.2797,0.368,0.5719
9.206017,-3.1477,-1.844,1.1323
9.211097,-3.5496,-2.2306,1.2598
9.221317,-3.9489,-2.4788,1.3569
9.2358,-4.3214,-2.5716,1.4214
9.241508,-4.6206,-2.5179,1.4069
9.252986,-4.842,-2.4142,1.3462
9.262102,-4.8982,-2.2307,1.2638
9.271412,-4.8269,-1.9379,1.1225
9.286743,-4.6371,-1.4329,1.0234
9.291759,-4.1047,-0.9128,0.9018
9.302571,-3.2567,-0.5879,0.6432
9.31261,-2.7337,-0.3406,0.7153
9.322357,-2.2675,-0.3185,0.6639
9.337199,-1.8249,-0.4002,0.7136
9.342205,-1.3423,-0.5246,0.7762
9.352556,-0.8653,-0.516,0.7846
9.363407,-0.3974,-0.4086,0.7314
9.373223,0.1293,-0.3158,0.6326
9.387784,0.6598,-0.2821,0.4222
9.392351,1.1941,-0.4376,0.1328
9.403983,1.6558,-0.7332,-0.2114
9.413736,2.0852,-1.1297,-0.5688
9.423161,2.3535,-1.5464,-0.9772
9.436759,2.4557,-1.935,-1.3706
9.44353,2.4092,-2.1832,-1.8987
9.453442,2.0538,-2.2117,-2.3442
9.4642,1.1906,-2.0172,-2.5936
9.473391,0.4038,-1.7662,-2.7033
9.486613,-0.0234,-1.5731,-2.6826
9.493159,-0.2557,-1.3633,-2.5042
9.503569,-0.4325,-1.1624,-2.2316
9.514194,-0.5774,-0.9592,-1.882
9.523702,-0.7107,-0.768,-1.4762
9.539135,-0.8511,-0.6389,-1.0632
9.545838,-0.9764,-0.6539,-0.6567
9.554954,-1.1096,-0.708,-0.4073
9.565096,-1.2825,-0.7558,-0.2285
9.574354,-1.5095,-0.7179,-0.1409
9.587786,-1.7116,-0.5747,-0.2396
9.594586,-1.8539,-0.3797,-0.4115
9.604501,-1.6462,-0.1899,-0.6968
9.615233,-1.204,-0.1789,-0.9836
9.624569,-0.9255,-0.2895,-1.1881
9.636483,-0.7398,-0.4528,-1.2959
9.644699,-0.5934,-0.5151,-1.2978
9.65456,-0.4877,-0.3389,-1.2487
9.669747,-0.4314,0.0715,-1.0907
9.674609,-0.4079,0.5741,-0.9524
9.68612,-0.434,1.1105,-0.8848
9.694921,-0.5111,1.7698,-0.9175
9.704894,-0.5994,2.5272,-0.9793
9.720946,-0.6787,3.1977,-1.0761
9.725048,-0.8388,3.4588,-1.1437
9.736454,-1.0641,3.2788,-1.1097
9.745634,-1.0705,3.0209,-0.9143
9.755121,-0.7326,2.9399,-0.504
9.769747,-0.4384,2.8162,0.0128
9.775215,-0.1301,2.4622,0.4437
9.786554,0.1945,2.0051,0.8212
9.796176,0.4445,1.8258,1.1481
9.805907,0.5672,1.7331,1.4174
9.820161,0.5481,1.6138,1.616
9.826233,0.4613,1.2936,1.7558
9.835987,0.367,0.7279,1.8164
9.846704,0.3047,-0.0114,1.8148
9.856461,0.2273,-0.8218,1.7557
9.870462,0.2098,-1.4604,1.7103
9.876543,0.2611,-1.9296,1.7046
9.886436,0.3528,-2.1784,1.7926
9.896737,0.4604,-2.1524,1.8652
9.90642,0.6263,-1.7363,2.03
9.919977,0.7611,-1.0676,2.0526
9.926434,0.8399,-0.2362,2.058
9.936555,0.8923,0.5732,2.0437
9.947401,0.9657,1.256,1.9577
9.95649,1.0197,1.6095,1.7936
9.969481,1.04,1.4962,1.4737
9.976672,0.9453,1.0612,1.0726
9.986809,0.758,0.4756,0.649
9.997192,0.4704,-0.1425,0.2512
10.00698,0.1503,-0.7353,-0.1485
10.02006,-0.2115,-1.1832,-0.518
10.027187,-0.6983,-1.4211,-0.7207
10.037248,-1.1336,-1.5168,-0.8058
10.047964,-1.4123,-1.5019,-0.7409
10.057381,-1.4451,-1.4791,-0.5356
10.069568,-1.2057,-1.4501,-0.4369
10.077515,-0.738,-1.475,-0.424
10.087906,-0.3603,-1.5877,-0.3734
10.103782,-0.0112,-1.6968,-0.3022
10.107865,0.2854,-1.7988,-0.1787
10.121021,0.5031,-1.9054,-0.0302
10.128527,0.6908,-2.0028,0.1546
10.138461,0.8283,-1.9597,0.2928
10.154037,0.904,-1.8084,0.3733
10.158108,0.9628,-1.5656,0.3488
10.170933,1.004,-1.3189,0.2216
10.178042,0.9787,-1.1107,0.017
10.189661,0.9574,-0.9402,-0.2322
10.203974,0.8769,-0.7775,-0.4525
10.215945,0.7285,-0.598,-0.6018
10.225827,0.6064,-0.436,-0.7089
10.239827,0.3364,-0.0711,-0.6208
10.248803,0.1875,0.1478,-0.3914
10.25879,0.122,0.3144,-0.2043
10.272637,0.1733,0.4059,-0.0471
10.278735,0.3815,0.3737,0.0966
10.299926,0.7037,0.2423,0.1314
10.300059,1.0555,0.1562,0.0201
10.309128,1.2693,0.1818,-0.1354
10.329385,1.3925,0.2812,-0.2837
10.329532,1.4192,0.4967,-0.3949
10.341625,1.3455,0.7466,-0.4921
10.366521,1.1549,0.8958,-0.5396
10.380852,0.5386,1.1375,-0.3645
10.389932,0.1319,2.3578,0.4018
10.409701,-0.0588,3.6833,0.7319
10.409782,-0.2541,5.0953,0.9425
10.428768,-0.3406,6.0566,1.0284
10.440717,-0.2167,6.1275,1.0117
10.44086,-0.0166,5.126,1.0854
10.450271,-0.0948,3.5319,1.227
10.460194,-0.5428,1.8833,1.4038
10.471876,-1.0437,0.3681,1.5023
10.495172,-1.3423,-0.8802,1.5843
10.495263,-1.7754,-1.8086,1.6309
10.512233,-2.1505,-2.4885,1.6725
10.51232,-2.453,-2.901,1.7831
10.528088,-2.7681,-2.9839,1.9079
10.543289,-3.1016,-2.7248,2.0422
10.54338,-3.4057,-2.2462,2.0962
10.563087,-3.5969,-1.6795,2.0559
10.563195,-3.6326,-1.1285,1.8689
10.570882,-3.5957,-0.705,1.6224
10.588032,-3.4405,-0.4747,1.3113
10.590872,-2.9768,-0.3757,0.8326
10.604129,-2.2982,-0.4025,0.362
10.611391,-1.744,-0.5871,-0.0406
10.621118,-1.3814,-0.8741,-0.3061
10.63802,-1.1501,-1.1428,-0.5136
10.642753,-1.0144,-1.276,-0.6205
10.655833,-0.9396,-1.2748,-0.7083
10.665091,-0.8428,-1.1736,-0.7751
10.67228,-0.7419,-1.0503,-0.7592
10.688649,-0.6913,-0.8174,-0.8742
10.692228,-0.5949,-0.5414,-0.9795
10.707235,-0.3981,-0.3445,-1.1516
10.711919,-0.0156,-0.3508,-1.256
10.722577,0.4553,-0.6598,-1.2494
10.737776,0.9054,-1.1045,-1.1947
10.742152,1.2068,-1.5597,-1.0965
10.753863,1.34,-1.9245,-1.0065
10.770254,1.3279,-2.0807,-0.9112
10.77219,1.1753,-1.9865,-0.9339
10.786908,0.8808,-1.7415,-0.9676
10.792334,0.4506,-1.3715,-1.0731
10.80345,-0.0474,-0.9985,-1.1917
10.812864,-0.4166,-0.7145,-1.3109
10.822544,-0.6579,-0.5126,-1.443
10.837094,-0.8211,-0.4217,-1.6038
10.842939,-0.8801,-0.3892,-1.6683
10.853793,-0.8865,-0.3713,-1.7111
10.863889,-0.8868,-0.3291,-1.6487
10.873658,-0.8857,-0.2467,-1.5393
10.889996,-0.8361,-0.2385,-1.2811
10.893963,-0.6675,-0.2161,-0.982
10.908003,-0.4516,-0.193,-0.6812
10.913896,-0.2943,-0.08,-0.4474
10.924124,-0.2984,0.1432,-0.2493
10.938707,-0.3532,0.5151,-0.1164
10.944061,-0.3898,1.0873,-0.0379
10.954619,-0.4229,1.6848,-0.0018
10.96564,-0.418,2.1077,-0.1377
10.973932,-0.3576,2.2635,-0.389
10.987386,-0.2591,2.1325,-0.7453
10.99425,-0.2178,1.8432,-1.1528
11.00382,-0.1886,1.6386,-1.523
11.014311,-0.1541,1.8168,-1.6494
11.024048,-0.0923,2.3981,-1.2752
11.036436,-0.1154,2.8962,-0.7078
11.044522,0.0927,2.8,-0.1841
11.054659,0.445,2.3619,0.2884
11.070187,0.8147,1.9705,0.6486
11.074715,0.9407,1.6275,1.0601
11.086569,0.9977,1.3096,1.3983
11.095042,0.805,0.8005,1.7175
11.104883,0.5261,0.0964,1.8253
11.120888,0.2554,-0.5741,1.864
11.125132,0.1241,-1.1093,1.7997
11.137547,0.0793,-1.5503,1.7913
11.145562,0.1102,-1.8425,1.7576
11.155376,0.2091,-1.8723,1.7962
11.16996,0.3924,-1.5895,1.8683
11.176085,0.6301,-1.0658,1.897
11.187231,0.8701,-0.4453,1.9009
11.196121,1.1369,0.131,1.8875
11.206044,1.418,0.5366,1.8552
11.227492,1.5842,0.7102,1.6393
11.251346,1.5413,0.3306,0.8414
11.25165,1.2037,-0.0121,0.3351
11.265095,0.7763,-0.358,-0.2062
11.276788,-0.0858,-0.8851,-1.6379
11.286691,-0.4891,-1.0752,-2.1828
11.296927,-0.8508,-1.1828,-2.3307
11.306425,-1.1526,-1.2331,-1.966
11.320987,-1.3137,-1.2903,-1.4602
11.326312,-1.3462,-1.454,-0.7968
11.336482,-1.1162,-1.6327,-0.1222
11.348208,-0.6565,-1.7422,0.4123
11.356826,-0.1733,-1.805,0.782
11.371431,0.2294,-1.7901,0.8918
11.376664,0.5365,-1.765,0.823
11.387339,0.7843,-1.7187,0.6075
11.397329,0.9205,-1.5714,0.3884
11.407204,0.9355,-1.3678,0.1913
11.419739,0.8844,-1.2297,0.0113
11.427496,0.8626,-1.1087,-0.1589
11.437512,0.8484,-0.9902,-0.3524
11.448004,0.8812,-0.9171,-0.5728
11.457435,0.9101,-0.8488,-0.8611
11.475249,0.8882,-0.7249,-1.1813
11.477579,0.8114,-0.5405,-1.4723
11.492571,0.7169,-0.3885,-1.6245
11.499006,0.6258,-0.2895,-1.6323
11.509464,0.5908,-0.2123,-1.5478
11.523503,0.6307,-0.1005,-1.2544
11.527909,0.6621,0.0554,-0.8542
11.549533,0.7079,0.3306,-0.483
11.572545,0.9788,1.2221,0.0207
11.577966,1.0683,1.3753,0.0281
11.588092,1.1103,1.3867,-0.0317
11.603766,1.0297,1.2747,-0.088
11.608552,0.734,1.2204,-0.1433
11.620381,0.4025,1.2367,-0.1972
11.629045,0.082,1.4658,-0.2054
11.639734,-0.1616,2.2361,-0.0873
11.654787,-0.2969,3.5659,0.1271
11.658857,-0.4971,5.1209,0.2624
11.671233,-0.6408,6.0199,0.3316
11.679451,-0.6096,5.7054,0.3724
11.689255,-0.4548,4.4301,0.5031
11.703995,-0.462,2.8382,0.6875
11.709424,-0.6414,1.3299,0.8552
11.720178,-0.7981,-0.0414,1.0303
11.730229,-0.9503,-1.2025,1.2044
11.740132,-1.1096,-2.0676,1.379
11.754489,-1.2957,-2.683,1.5725
11.75972,-1.5289,-2.9765,1.7835
11.770242,-1.8249,-2.881,2.0097
11.780425,-2.1904,-2.3533,2.2377
11.790594,-2.5906,-1.5426,2.3692
11.808314,-2.8746,-0.693,2.3696
11.811491,-3.0504,0.034,2.4143
11.824897,-3.0091,0.5703,2.3968
11.829881,-2.8134,0.7506,2.284
11.840838,-2.3463,0.4435,1.9301
11.855349,-1.7521,-0.0958,1.4753
11.860885,-1.2325,-0.5729,1.074
11.871171,-0.8363,-0.9752,0.7398
11.882255,-0.5838,-1.235,0.4448
11.890741,-0.4099,-1.3387,0.2758
11.921922,-0.3307,-1.2868,-0.0128
11.941667,-0.2279,-0.2468,-1.5313
11.9544,-0.0551,-0.245,-1.9721
11.962204,0.2694,-0.6259,-2.292
11.972482,0.6701,-1.236,-2.3571
11.989237,0.9326,-1.7841,-2.1166
11.991049,1.0508,-2.1681,-1.7364
12.005018,1.0437,-2.2862,-1.3403
12.011162,0.9207,-2.1584,-0.8843
12.021765,0.7392,-1.8611,-0.5357
12.036694,0.5474,-1.5419,-0.2477
12.044507,0.378,-1.2294,-0.0505
12.053693,0.2119,-0.92,0.0319
12.06193,0.0774,-0.6448,-0.0206
12.075487,-0.0243,-0.4091,-0.1961
12.090424,-0.1406,-0.2309,-0.5027
12.091827,-0.196,-0.1357,-0.8348
12.105557,-0.2659,-0.0385,-1.2547
12.11186,-0.4254,0.0616,-1.6196
12.122042,-0.7365,0.1995,-1.9639
12.136637,-1.123,0.4356,-2.106
12.142664,-1.5181,0.6922,-1.9342
12.153207,-1.7898,0.8708,-1.5406
12.162896,-1.8399,0.8887,-1.0781
12.17263,-1.7433,0.8717,-0.655
12.186709,-1.543,0.8847,-0.2497
12.192812,-1.3114,0.9679,0.0205
12.203134,-1.0631,1.0703,0.1873
12.213337,-0.835,1.0728,0.2255
12.232279,-0.7012,0.9641,0.1946
12.243521,-0.5922,0.8142,-0.059
12.254854,-0.5513,1.1994,-0.1391
12.263625,-0.4522,1.8737,-0.0732
12.27335,-0.2775,2.3764,-0.0415
12.287747,-0.0405,2.6211,-0.0549
12.293921,0.2323,2.8259,-0.0677
12.305606,0.498,2.8667,0.0621
12.314012,0.7015,2.6163,0.3278
12.324779,0.8533,2.0032,0.6912
12.340255,0.9454,1.0148,1.0346
12.343924,0.9155,-0.0543,1.2576
12.355618,0.7858,-0.9819,1.4262
12.36432,0.6173,-1.6342,1.4978
12.373992,0.4743,-2.0309,1.5308
12.387063,0.3775,-2.2205,1.5934
12.394592,0.3429,-2.1244,1.7281
12.404466,0.4321,-1.7531,1.9372
12.419896,0.6391,-1.1524,2.1946
12.424292,0.8938,-0.4361,2.3038
12.436819,1.157,0.2912,2.3704
12.444829,1.4336,0.8444,2.2957
12.454672,1.6908,1.1665,2.1229
12.470569,1.863,1.1825,1.8184
12.474693,1.8631,0.9486,1.4197
12.48734,1.7271,0.5599,0.9499
12.495209,1.4551,0.168,0.4912
12.505405,1.1323,-0.2269,0.1148
12.520141,0.8048,-0.6837,-0.2358
12.52507,0.5387,-1.066,-0.6139
12.53607,0.2808,-1.2629,-1.0688
12.545411,-0.0114,-1.3303,-1.4483
12.555103,-0.2714,-1.274,-1.552
12.570187,-0.4966,-1.1751,-1.2384
12.575301,-0.7017,-1.0591,-0.7144
12.586354,-0.8068,-0.9808,-0.2531
12.595623,-0.8236,-1.018,0.2068
12.605717,-0.634,-1.1961,0.6312
12.620862,-0.2222,-1.4252,0.8478
12.626258,0.2006,-1.6269,0.7809
12.637049,0.4914,-1.7414,0.5081
12.646901,0.5932,-1.6785,0.2687
12.656374,0.5263,-1.4692,0.0715
12.670725,0.3735,-1.2123,-0.08
12.676824,0.1259,-1.038,-0.1498
12.687642,-0.1055,-0.9898,-0.1728
12.696979,-0.2818,-0.9526,-0.1704
12.706742,-0.4218,-0.8917,-0.1178
12.723021,-0.4714,-0.7497,-0.0041
12.726522,-0.462,-0.5201,0.1029
12.738324,-0.4112,-0.2163,0.1629
12.746686,-0.2698,-0.0479,0.1731
12.757054,-0.0219,-0.0413,0.0672
12.771013,0.2586,-0.1231,-0.1335
12.776949,0.6009,-0.3276,-0.4119
12.787726,0.9359,-0.537,-0.6665
12.797804,1.3099,-0.574,-0.807
12.807569,1.5617,-0.4802,-0.7914
12.821293,1.851,-0.0722,-0.7997
12.828167,2.0595,0.3285,-0.8082
12.837943,2.0682,0.7815,-0.8225
12.854373,1.8331,1.1305,-0.81
12.85788,1.3302,1.2172,-0.7593
12.871464,0.9209,1.1394,-0.7299
12.878471,0.6204,1.1104,-0.6452
12.888127,0.4474,1.0827,-0.5498
12.906613,0.357,1.1109,-0.43
12.907612,0.3291,1.206,-0.2679
12.922317,0.4705,1.4726,-0.1895
12.928106,0.7283,1.9164,-0.0632
12.938689,0.991,2.4337,0.0585
12.954408,1.3251,2.8027,0.1408
12.958185,1.5991,2.8954,0.0227
12.970412,1.5695,2.651,-0.2363
12.97857,1.1578,2.0622,-0.4714
12.98872,0.7133,1.4607,-0.508
13.003917,0.2629,0.9692,-0.3813
13.008809,-0.1495,0.4183,-0.2625
13.020445,-0.5277,-0.26,-0.1855
13.029088,-0.8271,-0.9295,-0.1504
13.039188,-1.0694,-1.5213,-0.1112
13.054585,-1.2757,-1.9485,-0.0408
13.059159,-1.5163,-2.2241,0.1314
13.070898,-1.7906,-2.2616,0.3129
13.079817,-2.149,-2.0718,0.6151
13.08999,-2.5127,-1.6507,0.8772
13.10455,-2.8523,-1.0449,1.2299
13.109755,-3.1415,-0.2818,1.615
13.121133,-3.3926,0.5136,1.9448
13.130102,-3.5314,1.0783,2.1584
13.139843,-3.5332,1.2432,2.2843
13.153944,-3.4137,1.0266,2.2364
13.160279,-3.0903,0.4376,2.0272
13.17103,-2.6463,-0.0711,1.5369
13.180924,-2.1291,-0.3539,0.8875
13.190579,-1.7439,-0.5449,0.3569
13.204557,-1.4737,-0.7173,-0.0688
13.210846,-1.267,-0.7856,-0.4126
13.220932,-1.1185,-0.5902,-0.6767
13.230503,-1.0856,-0.2829,-0.9113
13.240213,-1.115,-0.1806,-1.0399
13.256928,-1.1277,-0.4458,-1.1734
13.260247,-1.0601,-0.9171,-1.2529
13.275832,-0.9098,-1.474,-1.2938
13.280547,-0.7481,-2.0625,-1.1481
13.290802,-0.5083,-2.4656,-0.7554
13.308676,-0.193,-2.4686,-0.251
13.310605,0.3162,-1.9194,0.1304
13.327033,0.817,-0.9679,0.5099
13.343176,1.1951,0.1928,0.8162
13.360989,0.9238,1.4004,0.9311
13.38389,-0.986,0.8296,0.4221
13.402985,-2.8449,0.3448,-0.3095
13.411788,-3.1307,0.5951,-0.4054
13.421845,-3.154,0.7538,-0.4425
13.436482,-2.9178,0.5461,-0.3707
13.441883,-2.1696,0.089,-0.2705
13.454602,-1.2948,-0.4762,-0.1707
13.462095,-0.8965,-0.8795,0.0713
13.471961,-0.7515,-0.9534,0.3729
13.487406,-0.5866,-0.7695,0.6081
13.49187,-0.3372,-0.5571,0.6257
13.503823,-0.0432,-0.3715,0.4377
13.512562,0.1995,-0.2632,0.0103
13.523497,0.3856,-0.1614,-0.5586
13.538168,0.4812,-0.0391,-1.1559
13.542734,0.5232,0.1072,-1.6043
13.554565,0.476,0.3067,-1.7651
13.563493,0.4033,0.4756,-1.5916
13.572997,0.1824,0.6016,-1.2191
13.587646,-0.149,0.6908,-0.7573
13.593731,-0.4499,0.821,-0.3623
13.604312,-0.5081,0.9003,-0.0931
13.613596,-0.3126,0.949,0.0741
13.623369,0.1519,0.8729,0.0983
13.637857,0.5414,0.659,0.0298
13.643466,0.6507,0.4411,-0.0566
13.653908,0.6482,0.2802,-0.1692
13.663482,0.7076,0.2772,-0.1309
13.673383,0.8685,0.355,0.0526
13.687214,1.0228,0.5238,0.3105
13.69386,1.1238,0.7951,0.5166
13.704164,1.091,0.9987,0.6438
13.714308,0.7244,0.8134,0.5621
13.724096,-0.232,0.3195,0.2638
13.738286,-0.8362,-0.333,-0.1544
13.744193,-1.1927,-0.8626,-0.4652
13.754828,-1.4458,-1.147,-0.686
13.764965,-1.6386,-1.2588,-0.8298
13.774579,-1.811,-1.38,-0.6238
13.788256,-2.1707,-1.5009,0.637
13.794942,-1.7548,-1.7186,1.1019
13.805116,-0.9851,-1.7272,1.8495
13.821867,-0.5075,-1.5502,2.4585
13.824794,-0.1279,-0.9129,2.7323
13.838143,0.3313,-0.0602,2.6388
13.844626,0.6928,0.8104,2.3499
13.855025,0.8064,1.4466,1.6842
13.871978,0.4327,1.7142,0.952
13.87488,-0.3366,1.6202,0.1025
13.888696,-0.8925,1.2831,-0.55
13.89549,-0.9788,0.8909,-1.0052
13.906008,-0.5805,0.5473,-1.3222
13.922458,0.0019,0.3827,-1.3959
13.925589,0.2712,0.6077,-1.3502
13.939082,0.3398,0.9963,-1.0219
13.946146,0.4037,1.3567,-0.5154
13.956088,0.4602,1.4906,0.081
13.972398,0.6084,1.3154,0.4713
13.97665,0.7596,0.7693,0.4701
13.989102,0.7896,0.0046,0.157
13.995834,0.6948,-0.6902,-0.3044
14.006445,0.5623,-1.1678,-0.7731
14.023099,0.4043,-1.3928,-1.104
14.026241,0.2639,-1.3372,-1.2849
14.039493,0.1703,-1.1645,-1.3274
14.047003,0.2369,-1.0122,-1.2504
14.056837,0.2558,-0.8349,-1.0999
14.073255,0.296,-0.6673,-0.937
14.076593,0.3066,-0.4076,-0.8224
14.089822,0.2809,-0.0538,-0.7862
14.097201,0.2105,0.2768,-0.7862
14.106628,0.1623,0.4343,-0.7718
14.123077,0.2981,0.2988,-0.7679
14.126666,0.5757,-0.082,-0.7715
14.13988,0.9974,-0.5435,-0.7739
14.147453,1.3877,-0.8768,-0.8136
14.157433,1.6311,-0.9647,-0.9112
14.173185,1.7201,-0.8946,-0.9686
14.177226,1.7017,-0.7476,-0.9376
14.189517,1.6332,-0.6623,-1.0438
14.206141,1.4972,-0.5127,-1.1469
14.222848,1.1073,0.0197,-1.5515
14.23353,1.0072,0.3521,-1.6468
14.246328,1.0563,0.6126,-1.6681
14.247673,1.1894,0.7465,-1.5744
14.263073,1.3684,0.7197,-1.364
14.279956,1.5209,0.5825,-1.0803
14.280046,1.688,0.3445,-0.8049
14.296413,1.813,0.0076,-0.5727
14.313359,1.9304,-0.4064,-0.3564
14.313454,1.9526,-0.8373,-0.148
14.330809,1.9423,-1.1598,0.0316
14.33089,1.8867,-1.3182,0.1778
14.348051,1.8151,-1.2624,0.3551
14.348621,1.8051,-0.8656,0.525
14.358642,1.6537,-0.2514,0.6267
14.36922,1.4316,0.5,0.6713
14.378479,1.1689,1.4489,0.5674
14.388771,0.577,2.6913,0.7015
14.403823,-0.1055,4.1631,0.7795
14.408877,-0.9823,5.5905,0.8779
14.421034,-1.4527,6.4207,0.8729
14.428824,-1.1177,5.9803,0.7553
14.43925,-0.4243,4.7643,0.7049
14.455514,-1.0205,3.2762,-0.7485
14.459171,-1.718,1.6967,-0.9673
14.472268,-1.4725,0.4885,-0.445
14.479757,-1.2009,-0.7287,-0.4149
14.489697,-1.328,-2.0335,-0.087
14.50592,-1.6944,-3.0282,0.7232
14.509531,-2.6413,-3.1227,2.2256
14.5227,-3.5353,-2.4225,4.0839
14.52961,-3.2488,-2.1907,3.7652
14.540106,-2.3414,-2.6615,1.6428
14.556929,-1.6018,-3.1217,-0.1203
14.560084,-0.6804,-3.3565,-0.5511
14.573421,-0.3224,-2.7277,-0.2716
14.579861,-0.5509,-1.2018,0.2745
14.590248,-1.1832,0.5139,0.4951
14.607423,-1.6356,1.9032,0.668
14.610567,-1.7707,2.6441,0.6702
14.624535,-0.9629,2.6421,0.4391
14.630924,0.0547,2.2111,-0.0415
14.641193,1.7083,1.1905,0.2399
14.658325,1.72,0.3602,0.6849
14.660888,1.4673,-0.042,0.3543
14.675123,1.2568,0.029,-0.9772
14.681163,0.7233,0.1936,-0.9829
14.691993,0.7261,0.1885,-0.8863
14.708839,1.008,0.1496,-0.6506
14.710915,0.7634,0.4665,0.2717
14.726252,1.0671,0.4659,0.8964
14.743101,0.6649,0.7711,0.5073
14.743407,0.4672,1.4664,-0.1669
14.759799,0.7244,1.9981,-0.6408
14.761948,1.1975,2.3003,-0.9059
14.776674,1.6443,2.2679,-0.6352
14.793581,2.1381,2.1402,-0.9919
14.793889,2.1139,2.1303,-1.2557
14.810165,2.0917,2.1094,-0.9187
14.811957,1.8943,1.9475,-1.0444
14.827034,1.2621,1.6732,-0.9437
14.844117,1.2704,1.3533,-0.767
14.844231,1.4962,1.1035,-0.8506
14.861361,2.0041,1.002,-1.3366
14.862159,2.0237,1.063,-2.2638
14.871957,1.5007,0.7884,-1.5943
14.886132,1.2661,-0.1315,0.2562
14.891944,1.1483,-1.1061,0.3857
14.906482,1.2239,-1.5223,-0.3931
14.912538,1.5017,-1.1491,-0.8187
14.923622,1.8503,-0.897,-1.26
14.940922,2.4688,-0.9121,-2.2158
14.943013,2.8409,-0.4984,-3.1694
14.958594,2.6128,-0.031,-3.8455
14.976502,2.3715,-0.297,-3.3407
14.993629,1.1185,-3.118,0.7606
15.015643,-0.0366,-2.7433,-1.7405
15.015743,-0.4551,-2.0278,-2.6687
15.025544,-0.1716,-1.651,-3.0503
15.03765,-0.0292,-1.3783,-2.4893
15.04293,-0.1421,-1.793,-0.8122
15.055757,-0.3782,-1.8485,1.5562
15.063162,0.201,-2.2156,1.9503
15.074519,0.2618,-3.1881,1.7127
15.092152,0.0747,-3.329,0.5708
15.093346,0.0174,-3.3751,-0.2506
15.109475,0.0791,-3.2532,-0.577
15.126698,-0.3154,-2.9019,0.177
15.144834,-2.0817,-1.3669,-2.021
15.164074,-1.7003,-0.9303,-2.1183
15.164244,-0.6903,-1.0253,0.0294
15.174248,0.6861,-2.6235,1.4402
15.187036,1.6274,-3.0185,1.1083
15.194176,1.9499,-2.9954,0.7493
15.205982,2.0519,-2.8386,0.8094
15.223891,1.891,-2.6856,0.9753
15.2246,1.4823,-2.5549,1.2453
15.241376,1.4721,-2.6525,1.1843
15.246743,1.7208,-2.7241,0.8581
15.260447,1.8555,-2.6402,0.3628
15.277418,1.8496,-2.5,-0.0685
15.294929,0.5377,-1.9982,1.3749
15.312359,1.2054,-1.3475,2.2857
15.330238,1.7124,-1.2833,2.4551
15.348949,2.134,-1.5759,1.7795
15.3562,0.6984,-0.3614,0.505
15.3702,0.2471,0.1109,0.7914
15.37576,0.2779,0.1424,1.0508
15.391001,0.8312,0.1536,0.7701
15.395864,1.5238,-0.0372,0.8884
15.408954,1.6112,-0.0862,0.9985
15.426345,1.3303,0.1872,0.5669
15.426672,0.946,0.5783,0.3409
15.443727,0.4538,0.7984,0.5996
15.446504,0.7545,0.9863,0.8847
15.460686,1.2738,1.1614,0.7995
15.478939,1.2537,0.8868,0.8288
15.47927,1.0217,0.8563,0.7985
15.49674,0.6678,0.8372,0.5325
15.49706,0.1978,0.6545,0.0323
15.514269,-0.3938,0.5562,-0.3062
15.516956,-0.853,0.4225,-0.35
15.527179,-0.9173,0.1942,-0.4468
15.53713,-0.6513,-0.0871,-0.744
15.548212,-0.627,-0.2145,-1.0305
15.557455,-0.6909,-0.198,-1.2773
15.574038,-0.5961,-0.143,-2.0078
15.577397,-0.6159,-0.2522,-2.1213
15.591877,-0.8187,-0.1052,-1.2924
15.597442,-1.0617,0.0538,-0.3712
15.609474,-1.2732,0.1119,-0.1882
15.627087,-1.186,-0.0976,-0.2089
15.627749,-1.0228,-0.2565,-0.0894
15.64484,-0.794,-0.1379,0.0964
15.6626,-0.6362,-0.037,0.2311
15.679947,-0.7086,0.0234,1.0952
15.687993,-0.2983,0.3398,1.8089
15.702767,-0.2639,-0.1402,1.4406
15.708259,-0.6955,-0.0288,1.3975
15.721949,-1.1909,0.4756,1.6155
15.728977,-1.0679,0.7934,1.4109
15.739938,-0.7593,0.5924,1.0689
15.757554,-0.7087,0.3961,0.8699
15.758755,-0.8907,0.384,1.1077
15.777196,-0.9923,0.365,1.4547
15.778886,-0.8887,-0.073,1.8534
15.795017,-0.7247,-0.6216,2.3004
15.81306,-0.4948,-1.0144,2.5311
15.830896,-0.5536,-1.6431,2.5913
15.839209,-1.4621,-1.7176,1.6996
15.852673,-1.8162,-1.7081,1.2533
15.860837,-1.8727,-1.678,0.8826
15.871782,-1.8108,-1.5452,0.4762
15.879811,-1.5925,-1.2492,0.1022
15.89062,-1.376,-0.8992,-0.0287
15.908419,-1.1563,-0.657,-0.042
15.910294,-0.8121,-0.4763,0.0421
15.92742,-0.5107,-0.4189,0.0616
15.930184,-0.3067,-0.3755,0.0145
15.944879,0.0152,-0.3919,-0.1572
15.969453,0.1236,-0.3902,-0.209
15.980139,0.5829,-0.2266,-0.4252
15.990181,0.6032,-0.326,-0.4805
16.007288,0.4786,-0.3798,-0.4749
16.010392,0.2306,-0.3796,-0.4416
16.025321,-0.0085,-0.3302,-0.4024
16.042982,-0.0776,-0.405,-0.4481
16.043094,-0.0845,-0.5168,-0.5881
16.060992,-0.0203,-0.5206,-0.8369
16.061092,-0.0396,-0.428,-1.0311
16.078919,-0.1363,-0.3059,-1.2376
16.096743,-0.2136,-0.2365,-1.3701
16.097547,-0.3106,-0.1544,-1.4225
16.115831,-0.3853,-0.1378,-1.4432
16.116084,-0.392,-0.0336,-1.4526
16.138508,-0.316,0.0293,-1.4916
16.138939,-0.227,0.0734,-1.6011
16.141167,-0.2891,0.0876,-1.6619
16.157063,-0.3344,0.125,-1.72
16.161491,-0.2591,0.1721,-1.664
16.1753,-0.3002,0.1688,-1.4889
16.193006,-0.3916,0.1293,-1.2698
16.193395,-0.5465,0.1267,-1.1183
16.210726,-0.7118,0.1252,-1.0016
16.212077,-0.7808,0.116,-0.8778
16.228612,-0.8271,0.0867,-0.7644
16.246215,-0.7903,0.1481,-0.6381
16.246328,-0.7408,0.1427,-0.4235
16.253311,-0.7984,0.1019,-0.1526
16.265235,-0.9493,0.1281,0.095
16.272013,-0.9967,0.1529,0.3326
16.288079,-0.9415,0.1856,0.6025
16.292023,-0.8288,0.1829,0.7879
16.311908,-0.5921,0.2118,0.9477
16.312582,-0.3128,0.1469,1.1169
16.330258,-0.1618,0.0773,1.2303
16.349525,-0.2136,0.156,1.3374
16.363053,-0.3903,0.2909,0.8951
16.373139,-0.1399,0.1131,0.8557
16.389178,0.0067,0.088,0.8816
16.393052,0.1063,0.1514,0.9144
16.407609,0.3821,-0.0128,0.945
16.413197,0.7086,-0.1985,1.048
16.425488,0.8584,-0.3642,1.1111
16.443339,0.8572,-0.4625,1.1349
16.443452,0.878,-0.6315,1.16
16.46108,0.9137,-0.7287,1.1259
16.464186,0.9142,-0.7459,1.0484
16.473957,0.8526,-0.7172,0.8592
16.486075,0.701,-0.7213,0.6642
16.494594,0.4949,-0.6571,0.4623
16.5057,0.3437,-0.5797,0.2633
16.514481,0.2431,-0.5005,0.0363
16.524594,0.1945,-0.3497,-0.0898
16.541932,0.23,-0.2958,-0.0752
16.544567,0.3723,-0.3078,0.0006
16.559701,0.4624,-0.3302,0.0306
16.577507,0.4768,-0.4245,0.0597
16.577876,0.5217,-0.5236,0.1565
16.595233,0.601,-0.5184,0.2097
16.595591,0.3783,-0.858,0.6293
16.613503,0.5632,-0.8577,-0.0588
16.631073,0.5717,-0.6336,-0.2383
